<?xml version="1.0" encoding="UTF-8"?>
<root><constant><name>sessportz_menu_logo_top_space</name><value>10px</value></constant><constant><name>sessportz_popup_design</name><value>1</value></constant><constant><name>theme_color</name><value>1</value></constant><constant><name>custom_theme_color</name><value>4</value></constant><constant><name>sessportz_header_background_color</name><value>#192C3E</value></constant><constant><name>sessportz_header_border_color</name><value>#244565</value></constant><constant><name>sessportz_mainmenu_background_color</name><value>#285183</value></constant><constant><name>sessportz_mainmenu_background_color_hover</name><value>#00AEFF</value></constant><constant><name>sessportz_mainmenu_link_color</name><value>#00AEFF</value></constant><constant><name>sessportz_mainmenu_link_color_hover</name><value>#FFFFFF</value></constant><constant><name>sessportz_mainmenu_border_color</name><value>#222222</value></constant><constant><name>sessportz_minimenu_link_color</name><value>#A5BAD5</value></constant><constant><name>sessportz_minimenu_link_color_hover</name><value>#00AEFF</value></constant><constant><name>sessportz_minimenu_border_color</name><value>#AAAAAA</value></constant><constant><name>sessportz_header_searchbox_background_color</name><value>#192C3E</value></constant><constant><name>sessportz_header_searchbox_text_color</name><value>#A5BAD5</value></constant><constant><name>sessportz_header_searchbox_border_color</name><value>#244565</value></constant><constant><name>sessportz_minimenu_icon</name><value>minimenu-icons-white.png</value></constant><constant><name>sessportz_footer_background_color</name><value>#14212F</value></constant><constant><name>sessportz_footer_border_color</name><value>#1B2D40</value></constant><constant><name>sessportz_footer_text_color</name><value>#FFFFFF</value></constant><constant><name>sessportz_footer_link_color</name><value>#929599</value></constant><constant><name>sessportz_footer_link_hover_color</name><value>#00AEFF</value></constant><constant><name>sessportz_theme_color</name><value>#00AEFF</value></constant><constant><name>sessportz_theme_secondary_color</name><value>#A5BAD5</value></constant><constant><name>sessportz_body_background_color</name><value>#1E364D</value></constant><constant><name>sessportz_font_color</name><value>#A5BAD5</value></constant><constant><name>sessportz_font_color_light</name><value>#A5BAD5</value></constant><constant><name>sessportz_heading_color</name><value>#00AEFF</value></constant><constant><name>sessportz_link_color</name><value>#FFFFFF</value></constant><constant><name>sessportz_link_color_hover</name><value>#00AEFF</value></constant><constant><name>sessportz_content_background_color</name><value>#1E364D</value></constant><constant><name>sessportz_content_heading_background_color</name><value>#F1F1F1</value></constant><constant><name>sessportz_content_border_color</name><value>#244565</value></constant><constant><name>sessportz_content_border_color_dark</name><value>#244565</value></constant><constant><name>sessportz_input_background_color</name><value>#1E364D</value></constant><constant><name>sessportz_input_font_color</name><value>#A5BAD5</value></constant><constant><name>sessportz_input_border_color</name><value>#244565</value></constant><constant><name>sessportz_button_background_color</name><value>#00AEFF</value></constant><constant><name>sessportz_button_background_color_hover</name><value>#2F5B85</value></constant><constant><name>sessportz_button_background_color_active</name><value>#00AEFF</value></constant><constant><name>sessportz_button_font_color</name><value>#FFFFFF</value></constant><constant><name>sessportz_main_width</name><value>1200px</value></constant><constant><name>sessportz_left_columns_width</name><value>240px</value></constant><constant><name>sessportz_right_columns_width</name><value>240px</value></constant><constant><name>sessportz_header_fixed_layout</name><value>2</value></constant><constant><name>sessportz_responsive_layout</name><value>1</value></constant><constant><name>sessportz_body_background_image</name><value>public/admin/blank.png</value></constant><constant><name>sessportz_user_photo_round</name><value>2</value></constant></root>
